{"7709910588": "{'kort-office@mail.ru'}", "191001529230": "{'report@arbitr.online'}", "244702623572": "{'mup-o.s@yandex.ru'}", "772700424965": "{'mirabyan@yandex.ru'}", "745008902011": "{'fu.dracheva@yandex.ru.'}", "7703193197": "{'aukciontorg@mail.ru.'}", "022904858550": "{'trof-ts@yandex.ru'}", "291300083066": "{'obankrotim@bk.ru'}", "420700137893": "{'maxpim@ya.ru'}", "230602577079": "{'cat@mail.ru'}", "270320778907": "{'fefelovaeg@mail.ru'}", "3250524524": "{'in-wait@yandex.ru'}", "433802526058": "{'badsenao@yandex.ru'}", "7816115320": "{'centerisorg@gmail.com'}", "352505524680": "{'expert-vologda@yandex.ru'}", "772501120715": "{'svetlana.smirnova@yunp.ru'}", "507404097428": "{'giborovkov@yandex.ru.'}", "026401511920": "{'arbitrufa@yandex.ru', 'arbitrufa@yandex.ru.'}", "440120380720": "{'arbitr.chistyakov@gmail.com', 'arbitr.chistyakov@gmail.com.'}", "861003179661": "{'arbitry@mail.ru'}", "732801199446": "{'ofisvp@yandex.ru'}", "434531079944": "{'tatarinov.au@gmail.com'}", "622709880703": "{'ksenia@rmg-kspb.ru'}", "773117130723": "{'info@icbl.ru'}", "481603465296": "{'official-alexminaev@yandex.ru.'}", "507503623311": "{'arbitr.finupr@gmail.com.'}", "7709858320": "{'ooo@mail.ru'}", "526307930807": "{'bulganin@bk.ru'}", "525714950571": "{'ashelokov@list.ru'}", "540448171022": "{'mail@m-ets.ru', 'aristokrat-nsk@mail.ru'}", "743807324331": "{'zakrzevskyae@mail.ru', 'zakrzevskyae@mail.ru.'}", "440118376290": "{'oksana.voropaewa@gmail.com'}", "583509753776": "{'liga.penza@mail.ru'}", "772772849607": "{'abazarnov@yandex.ru'}", "420519045960": "{'info@npmcau.ru'}", "772733195870": "{'info@arbupr.ru'}", "771565215424": "{'www.info@nistp.ru'}", "772565004658": "{'nsockaya@yandex.ru'}", "420534280460": "{'juristaa@yandex.ru'}", "026815188830": "{'uristyfa@mail.ru'}", "391900651757": "{'mail@m-ets.ru.'}", "770970450497": "{'a@mail.ru'}", "781300270271": "{'lebedev@bk.ru'}", "690308773617": "{'yurtaevdm@mail.ru'}", "166010100408": "{'leonovalex@yandex.ru'}", "352525642298": "{'tatyana@mail.ru'}", "481703289848": "{'injuravlev@mail.ru'}", "233408836401": "{'alexander@mail.ru'}", "132401660017": "{'profpartner@inbox.ru'}", "632501178629": "{'region-volga@mail.ru'}", "665400031649": "{'bankrlow@gmail.com', 'bankrlow@gmail.com.'}", "550200937340": "{'slvtaran@yandex.ru'}", "231294910408": "{'gas.arbitr@gmail.com'}", "590613301008": "{'permpravo@gmail.com', 'permpravo@gmail.com.'}", "721800522828": "{'petr@mail.ru.'}", "525700682925": "{'nn-act@yandex.ru.'}", "420592430806": "{'stroyzemproject.gubkinakm@gmail.com'}", "420540434197": "{'nikitakhodko@gmail.com'}", "771817220591": "{'invent.elektro.bnk@yandex.ru', 'invent.elektro.bnk@yandex.ru.'}", "190114186422": "{'artemenko@nskarbitr.ru'}", "210601488240": "{'help@cdtrf.ru.', 'help@cdtrf.ru'}", "745215858804": "{'dmshelestov@mail.ru.'}", "631908651163": "{'kolosvv@mail.ru'}", "753600521749": "{'serg-konstantinov@yandex.ru.'}", "641797274812": "{'kyvaras@mail.ru'}", "263207815263": "{'auskrf@gmail.com'}", "7327029297": "{'info@ooo-fpk.ru'}", "230810031643": "{'emnarmin@gmail.com'}", "190108729590": "{'au.dyachenko@mail.ru', 'au.dyachenko@mail.ru.'}", "773716393601": "{'bukin@arbitrazh.co'}", "020401431688": "{'taltorgi@rambler.ru'}", "434541547253": "{'k@mail.ru'}", "710704158166": "{'semenov.m@mail.ru'}", "421807475030": "{'svetlana@mail.ru'}", "671200729788": "{'bankrot.moskva@gmail.com'}", "165601327900": "{'svmyasnikov@mail.ru'}", "680602872486": "{'au.polyanskaya@yandex.ru', 'au.polaynskaya@yandex.ru.'}", "616600740875": "{'isaev.nickolay@yandex.ru', 'isaev.nickolay@yandex.ru.'}", "501305891639": "{'dominomimino@mail.ru'}", "344601712275": "{'ganagin@mail.ru'}", "771471539800": "{'ay.kybasov@gmail.com'}", "246501260570": "{'arbitrkrk@gmail.com.'}", "7721746334": "{'listnik@mail.ru', 'prom-konsalting@rambler.ru'}", "344405412934": "{'dinega@pravo34.ru'}", "231114350693": "{'sbhutornoj@yandex.ru'}", "673002721195": "{'aubondarev@mail.ru'}", "760900361631": "{'mnzhukov@gmail.com'}", "616185659809": "{'mvl.arbitr@gmail.com'}", "5751052322": "{'mail@mrk.trade', 'ir.consult@ymail.com.', 'ir.consult@ymail.com'}", "550402665201": "{'kgyu@inbox.ru'}", "622705403516": "{'nplidersro@mail.ru'}", "730202295757": "{'tpp@inbox.ru'}", "711103870437": "{'katerina@mail.ru'}", "164906666052": "{'konstantin.sidullin@gmail.com'}", "272116480825": "{'avp.andreev@gmail.com'}", "543307753190": "{'makarovw@yandex.ru'}", "131501186776": "{'rfazlov@mail.ru'}", "502301780087": "{'seredoha@yandex.ru'}", "505501234563": "{'au.kuznetsovm@gmail.com'}", "7703769610": "{'ot.infotek@gmail.com.', 'ot.infotek@gmail.com'}", "222209622894": "{'amv@yandex.ru'}", "390505925596": "{'nastya.shvechkova@bk.ru.'}", "780161800375": "{'bogomolov@mail.ru.'}", "710500717264": "{'cheroksana@yandex.ru'}", "110114019727": "{'lustigelf@mail.ru'}", "262100409027": "{'milaagold@mail.ru'}", "230814954522": "{'sinergija-sro@mail.ru'}", "141302164848": "{'arbitrykt@mail.ru'}", "591792887412": "{'rdsarbitr@yandex.ru'}", "644918589967": "{'au.fedorovsv@yandex.ru', 'au.fedorovsv@yandex.ru.'}", "623411938052": "{'delo.frolov@gmail.com.'}", "423100451775": "{'avrora.cons@yandex.ru'}", "410117226617": "{'arseneva.arbitr@mail.ru.', 'arseneva.arbitr@mail.ru'}", "5406617869": "{'info@itcosfo.ru.', 'info@itcosfo.ru'}", "7703676701": "{'gkkvarta@gmail.com', 'gkkvarta@gmail.com.'}", "450105434343": "{'gymbur@mail.ru'}", "550116017418": "{'bamasha@mail.ru'}", "720207509237": "{'zsns@mail.ru', 'pzs-lex@mail.ru.'}", "232010468212": "{'valerykhalezin@yandex.ru'}", "561012984673": "{'bankruptcy@mail.ru', 'bankruptcy@mail.ru.'}", "550702062074": "{'l@inbox.ru'}", "860400387641": "{'zubairov@mail.ru.'}", "773600510080": "{'ooo-usb@bk.ru', 'tpemitorg@gmail.com'}", "772394481344": "{'iak@mail.ru.'}", "462902227394": "{'petrov@mail.ru.', 'petrov@mail.ru'}", "540700824309": "{'lucyzamura@yandex.ru'}", "027616751909": "{'ekishev@yandex.ru'}", "222110013526": "{'merker.oleg@gmail.com'}", "390805228236": "{'gusak.arbitr@mail.ru', 'arbitr.torgi@list.ru'}", "212100369855": "{'serseregin@yandex.ru'}", "430200226527": "{'elsemakova@yandex.ru'}", "522000962706": "{'zar-elen@bk.ru', 'zar-elen@bk.ru.'}", "100121385855": "{'yakovleva.j@gmail.com'}", "540702362561": "{'vladilena.atamanyuk@mail.ru.'}", "272198825108": "{'au.aiefremov@gmail.com.'}", "352501142240": "{'bankrot.bc@gmail.com'}", "662341041887": "{'svpekb@yandex.ru'}", "280117433193": "{'meridian@mail.ru'}", "740407553067": "{'vassilieva@yandex.ru'}", "501903525396": "{'tetteplo@yandex.ru'}", "782010073266": "{'support@lot-online.ru', 'centretorg@bk.ru', 'centretorg@bk.ru.'}", "772771887769": "{'torgi.lkkz@gmail.com'}", "524905537839": "{'dtnmail@mail.ru.'}", "434579532111": "{'vladimir-plyonkin@yandex.ru'}", "772335986167": "{'au.mos.dvt@gmail.com.'}", "222390945261": "{'buz-part@mail.ru'}", "6820022108": "{'kaputal@yandex.ru'}", "352504985880": "{'pogossyan@mail.ru'}", "421700473801": "{'info@fabrikant.ru.'}", "7838430413": "{'infocenter@asv.org.ru', 'o.ivanova@auction-house.ru', 'malkova@auction-house.ru', 'ersh@auction-house.ru', 'krasnodar@auction-house.ru', 'krsk@auction-house.ru', 'vyrtosu@auction-house.ru', 'kaupinen@auction-house.ru', 'duhinvi@bank.org.ru'}", "366604816399": "{'dblagonravov@yandex.ru'}", "753500253197": "{'asv@megalink.ru'}", "773422125590": "{'info@centerr.ru', 'arbitr.lana@mail.ru'}", "380803699723": "{'ilimsky@mail.ru'}", "890604115564": "{'amakseeva@list.ru.'}", "222390862907": "{'eliaplut@mail.ru'}", "616804694070": "{'efbk@me.com', 'manager@inbox.ru.'}"}